title,author,lenght,price
Clue Krewe,By: Jana DeLeon,Length: 10 hrs and 1 min,$19.95
Shattersoul,By: Kyle Kirrin,Length: 20 hrs and 15 mins,$29.95
The Shift,By: Tinx,Length: 5 hrs and 17 mins,$17.00
The Ritual,By: Shantel Tessier,Length: 16 hrs and 46 mins,$24.95
Savannah,By: SunriseCV,Length: 14 hrs and 31 mins,$24.95
Terms and Conditions,By: Lauren Asher,Length: 13 hrs and 12 mins,$20.99
Deadly Fate,By: Angela Marsons,Length: 8 hrs and 14 mins,$19.95
The Gift,By: Sebastian Fitzek,Length: 7 hrs and 8 mins,$29.95
Elon Musk,By: Walter Isaacson,Length: 22 hrs,$33.07
Strength Unleashed: Startup,By: Ajax Lygan,Length: 14 hrs and 4 mins,$24.95
Waybound,By: Will Wight,Length: 16 hrs and 13 mins,$29.95
The Lion: Son of the Forest,By: Mike Brooks,Length: 12 hrs and 15 mins,$32.71
False Truth,By: Helena Marchmont,Length: 2 hrs and 56 mins,$4.89
Glamoured,By: Jaymin Eve,Length: 9 hrs and 48 mins,$19.95
Technology Book Trend,By: Lumumba Shabazz,Length: 1 hr and 35 mins,$6.95
Technology Specs Book,By: Ricardo Navarrete Mendez,Length: 2 hrs and 21 mins,$6.95
Primeiro Milhão [First Million],By: Raiam Santos,Length: 2 hrs and 47 mins,$6.95
Light Bringer,By: Pierce Brown,Length: 13 hrs and 15 mins,$31.49
Succubus Summoner,"By: Virgil Knightley, Annabelle Hawthorne",Length: 7 hrs and 57 mins,$19.95
Runaway Love,By: Melanie Harlow,Length: 8 hrs and 56 mins,$19.95
Under the Stars,By: Laura Pavlov,Length: 9 hrs and 14 mins,$19.95
The Silmarillion,"By: J. R. R. Tolkien, Christopher Tolkien",Length: 19 hrs and 24 mins,$21.81
Special Kind of Twisted,By: Lani Lynn Vale,Length: 6 hrs and 15 mins,$19.95
One and Only,By: Karla Sorensen,Length: 8 hrs and 53 mins,$19.95
Roman,By: Grae Bryan,Length: 8 hrs and 8 mins,$19.95
The Primal Hunter 5,By: Zogarth,Length: 17 hrs and 47 mins,$24.95
From the World of Percy Jackson: Sun and the Star,"By: Rick Riordan, Mark Oshiro",Length: 13 hrs and 30 mins,$19.59
Revealed,By: D.I. Freed,Length: 28 hrs and 37 mins,$29.95
Korra Is Live,By: Chukwufumnaya Anita Obidi,Length: 2 hrs and 21 mins,$6.95
Unexpected Bliss,"By: Lexi Blake, Sophie Oak",Length: 14 hrs and 3 mins,$24.95
Cherish,By: Tracy Wolff,Length: 17 hrs and 25 mins,$24.49
Dressed to Drill,By: Kate Carlisle,Length: 10 hrs and 10 mins,$19.95
Death by Boomers,By: Tim Dillon,Length: 8 hrs and 30 mins,$28.51
The Running Grave,By: Robert Galbraith,Length: 27 hrs,$57.04
The One That Got Away,By: JD Kirk,Length: 12 hrs and 13 mins,$24.95
The Wedding Day,By: Sue Watson,Length: 10 hrs and 37 mins,$24.95
By a Silver Thread,By: Rachel Aaron,Length: 11 hrs and 47 mins,$24.95
Emerita Boxing Day,By: Daniel Schinhofen,Length: 13 hrs and 4 mins,$24.95
The Alien Anomaly,By: Amanda M. Lee,Length: 8 hrs and 52 mins,$19.95
The Five-Star Weekend,By: Elin Hilderbrand,Length: 12 hrs and 45 mins,$36.50
Final Day,By: Richard D. Wiles,Length: 14 hrs and 28 mins,$24.95
The Olympian Affair,By: Jim Butcher,Length: 21 hrs and 30 mins,$42.00
Accidental Attachment,By: Max Monroe,Length: 13 hrs and 3 mins,$24.95
House of Pounding Hearts,By: Olivia Wildenstein,Length: 13 hrs and 52 mins,$24.95
Apocalypse Redux: Book Three,By: Jakob H. Greif,Length: 15 hrs and 48 mins,$24.95
False Start,"By: Neve Wilder, Riley Hart",Length: 6 hrs and 49 mins,$19.95
Aster Fall,By: David North,Length: 20 hrs and 22 mins,$29.95
SBF,By: Brady Dale,Length: 9 hrs and 53 mins,$20.99
Homeworld Lost,"By: J.N. Chaney, Scott Moon",Length: 11 hrs and 30 mins,$24.95
Offside Hearts,By: Nikki Lawson,Length: 13 hrs and 27 mins,$24.95
Barred Desires,By: Ashley James,Length: 6 hrs and 30 mins,$19.95
Childrens Understanding and Absorb Quickly,By: Jaime Torres,Length: 49 mins,$3.95
The Greatness Mindset,By: Lewis Howes,Length: 9 hrs and 7 mins,$19.95
Gauntlet,By: John G. Doyle,Length: 6 hrs and 56 mins,$19.95
Close Her Eyes,By: Lisa Regan,Length: 12 hrs and 2 mins,$24.95
Inside the Devil's Nest,By: John Durgin,Length: 7 hrs and 46 mins,$19.95
The Pope’s Exorcist,By: Sophia Institute Press,Length: 1 hr and 46 mins,$6.95
Lament at Loon Landing,By: Josh Lanyon,Length: 6 hrs and 6 mins,$19.95
The Russo-Ukrainian War,By: Serhii Plokhy,Length: 11 hrs,$34.95
Look Up!,By: Jimmy Evans,Length: 8 hrs and 51 mins,$19.95
The Duchess Takes a Husband,By: Harper St. George,Length: 9 hrs and 38 mins,$20.99
Manhood,By: Josh Hawley,Length: 6 hrs and 58 mins,$20.99
Is There a Narcissist in Your Life?,By: Amanda Clymont,Length: 3 hrs and 3 mins,$14.95
Letter Late than Never,By: Lauren Connolly,Length: 9 hrs and 20 mins,$19.95
Heal Thyself for Health and Longevity,By: Queen Afua,Length: 8 hrs and 17 mins,$19.95
Defiant,By: Michael R. Miller,Length: 26 hrs and 30 mins,$29.95
On His Majesty's Secret Service,By: Charlie Higson,Length: 4 hrs and 25 mins,$48.99
"Planes, Trains, and All the Feels",By: Livy Hart,Length: 10 hrs and 52 mins,$17.49
Breaker of Horizons 2,By: NoDragons,Length: 16 hrs and 22 mins,$24.95
10x Is Easier than 2x,"By: Dan Sullivan, Dr. Benjamin Hardy",Length: 9 hrs and 58 mins,$20.99
Again,By: J.L. Seegars,Length: 5 hrs and 6 mins,$13.99
Cherry Picked,By: May Archer,Length: 9 hrs and 32 mins,$19.95
Those Bastards,By: Jared Dillian,Length: 10 hrs and 10 mins,$24.95
The Wind Knows My Name,"By: Isabel Allende, Frances Riddle - translator",Length: 7 hrs and 59 mins,$31.50
The Endless War,By: Danielle L. Jensen,Length: 16 hrs and 54 mins,$39.95
The Heiress Bride,By: Madeline Hunter,Length: 10 hrs and 3 mins,$17.49
The Deborah Mantle,By: Christy Johnston,Length: 7 hrs and 46 mins,$19.95
The Complete Poppy War Trilogy,By: R. F. Kuang,Length: 66 hrs and 29 mins,$79.86
Strung,By: Per Jacobsen,Length: 5 hrs and 4 mins,$19.95
The Gargoyle's Captive,By: Katee Robert,Length: 6 hrs and 55 mins,$19.95
Until I Get You,By: Claire Contreras,Length: 15 hrs and 12 mins,$24.95
Villain Era,By: Luna Pierce,Length: 12 hrs and 29 mins,$24.95
From the Grave,By: Kresley Cole,Length: 11 hrs and 54 mins,$24.95
Divinely Different,By: Jen Jones,Length: 5 hrs and 54 mins,$19.95
To Flail Against Infinity,By: J. P. Valentine,Length: 14 hrs and 31 mins,$24.95
The Elemental Keyes,By: Sam Burns,Length: 7 hrs and 37 mins,$19.95
Dirty Crazy Bad,By: Siobhan Davis,Length: 15 hrs and 25 mins,$24.95
Little Lost Dolls,By: M.M. Chouinard,Length: 10 hrs and 5 mins,$24.95
Kill the King,By: Elizabeth Dear,Length: 9 hrs and 25 mins,$19.95
Contempt,By: A. Zavarelli,Length: 16 hrs and 57 mins,$24.95
Way to the East,By: Kirill Klevanski,Length: 13 hrs and 41 mins,$20.99
Reading Price Charts Bar by Bar,By: Al Brooks,Length: 14 hrs and 38 mins,$24.95
The Unwanted Marriage,By: Catharina Maura,Length: 11 hrs and 35 mins,$24.95
The Strangest Forms,By: Gregory Ashe,Length: 11 hrs and 30 mins,$24.95
Of Shadow and Moonlight,By: Luna Laurier,Length: 13 hrs,$24.95
The Greatest Song,By: Kevin Griffin,Length: 5 hrs and 7 mins,$19.95
Never Kiss a Cowgirl,By: Ali Vali,Length: 10 hrs and 6 mins,$24.95
Question and Answer: What Makes Us Healthy?,By: Bettye Fields Pearl,Length: 3 hrs and 17 mins,$14.95
Murder at the Beauty Pageant,By: Helena Dixon,Length: 7 hrs and 16 mins,$19.95
Ward D,By: Freida McFadden,Length: 7 hrs and 20 mins,$48.99
Why Women Deserve Less,By: Myron Gaines,Length: 2 hrs and 3 mins,$6.95
Reforged,By: Seth Haddon,Length: 12 hrs and 15 mins,$20.99
Broken Light,By: Joanne Harris,Length: 12 hrs and 47 mins,$16.09
A History of Violence,By: Mallory Fox,Length: 6 hrs and 21 mins,$19.95
Random in Death,By: J. D. Robb,Length: 10 hrs and 45 mins,$25.51
A Fire in the Flesh,By: Jennifer L. Armentrout,Length: 24 hrs,$32.89
Jungle World,By: B.V. Larson,Length: 13 hrs and 25 mins,$44.99
Keeper of Secrets,By: Denise Grover Swank,Length: 9 hrs and 7 mins,$19.95
Unbroken Bonds of Battle,By: Johnny Joey Jones,Length: 12 hrs,$31.93
"One Nation Under Blackmail, Vol. 1",By: Whitney Alyse Webb,Length: 18 hrs and 16 mins,$24.95
The Delphi Murders,"By: Nic Edwards, Brian Whitney",Length: 6 hrs and 48 mins,$19.95
Fortune Teller,By: Jana DeLeon,Length: Not Yet Known,$19.95
Dragonslayer,By: Craig Alanson,Length: 17 hrs and 40 mins,$49.99
Isekai Leveling: System Unlocked,By: Jaxon Winston,Length: 10 hrs and 58 mins,$24.95
"The Legend of Dave the Villager, Books 16–20",By: Dave Villager,Length: 9 hrs,$19.95
The 16 Undeniable Laws of Communication,By: John Maxwell,Length: 8 hrs and 57 mins,$20.97
A Hypnotist’s Journey from the Trail to the Star People,By: Sarah Breskman Cosme,Length: 8 hrs and 32 mins,$19.95
Counter Attack,By: Patricia Bradley,Length: 10 hrs and 43 mins,$20.99
Capitalist Punishment,By: Vivek Ramaswamy,Length: 7 hrs,$30.79
The 23rd Midnight,"By: James Patterson, Maxine Paetro",Length: 8 hrs and 4 mins,$28.51
Meet Me at the Lake,By: Carley Fortune,Length: 9 hrs and 56 mins,$28.00
So Many Steves,"By: Steve Martin, Adam Gopnik",Length: 2 hrs and 46 mins,$22.40
System Collapse,By: Martha Wells,Length: 6 hrs and 45 mins,$20.99
Identity,By: Nora Roberts,Length: 15 hrs and 4 mins,$31.18
Brute Force,By: Scott Meyer,Length: 9 hrs and 50 mins,$19.95
Over Verdant Irish Hills,By: Ava Miles,Length: 11 hrs and 18 mins,$24.95
The Obstacle Is the Way,By: Ryan Holiday,Length: 4 hrs and 38 mins,$28.00
Boss Without Benefits,By: Lili Valente,Length: 5 hrs and 25 mins,$19.95
Disarmed,By: Mark W. Smith,Length: 3 hrs and 34 mins,$14.95
Rise of the Weakest Summoner: Volume V,By: J. R. Saileri,Length: 14 hrs and 26 mins,$24.95
Creed,By: Kris Michaels,Length: 10 hrs and 46 mins,$24.95
The Bucket List,By: Rachel Hanna,Length: 5 hrs and 7 mins,$19.95
Covert Ops,By: Traci Hunter Abramson,Length: 7 hrs and 36 mins,$17.49
The Path of Ascension 3,By: C. Mantis,Length: 22 hrs and 58 mins,$29.95
Meat Eater,By: Steven Rinella,Length: 7 hrs and 1 min,$28.00
Without a Hitch,By: Avery Maxwell,Length: 11 hrs and 34 mins,$24.95
Prince of the Sorrows,By: Kellen Graves,Length: 13 hrs and 28 mins,$24.95
The CompTIA Security+ Computing Technology Industry Association Certification SY0-601 Study Guide - High-Tech Edition,"By: SMG, Daniel Mateo",Length: 11 hrs and 11 mins,$24.95
To Track a Traitor,By: Iona Whishaw,Length: 13 hrs and 24 mins,$17.49
How to Do Magic That Works,By: Genevieve Davis,Length: 2 hrs and 22 mins,$6.95
Chasing Love,By: Kat T. Masen,Length: 13 hrs and 17 mins,$24.95
Tell-Tale Bones,By: Carolyn Haines,Length: 10 hrs and 55 mins,$27.99
Rogue Justice,By: Stacey Abrams,Length: 12 hrs and 32 mins,$35.00
Passive Prospecting,"By: Levi Lascsak, Travis Plumb",Length: 3 hrs and 44 mins,$13.98
The Daddy Diaries,By: Andy Cohen,Length: 10 hrs and 32 mins,$25.51
Disruptive Thinking,By: T. D. Jakes,Length: 8 hrs and 42 mins,$28.51
Brutal Minds,By: Stanley K. Ridgley,Length: 7 hrs and 35 mins,$19.95
Icebreaker,By: Hannah Grace,Length: 13 hrs and 23 mins,$23.62
Fast Like a Girl,By: Dr. Mindy Pelz,Length: 8 hrs and 13 mins,$18.26
Tell Me Everything,By: Minka Kelly,Length: 8 hrs and 40 mins,$18.89
On Our Best Behavior,By: Elise Loehnen,Length: 11 hrs and 54 mins,$31.50
Tremendous,"By: Joey ""Coco"" Diaz",Length: 6 hrs and 45 mins,$20.99
Does It Hurt?,By: H. D. Carlton,Length: 12 hrs and 7 mins,$24.95
Nomad Capitalist,By: Andrew Henderson,Length: 15 hrs and 50 mins,$24.95
Scattered Minds,By: Gabor Maté MD,Length: 10 hrs and 59 mins,$31.50
Quantum Supremacy,By: Michio Kaku,Length: 10 hrs and 41 mins,$31.50
He Who Fights with Monsters 10,"By: Shirtaloon, Travis Deverell",Length: 20 hrs,$59.99
The Bound Demon,"By: Doufu Mayoi, Taishi - translator",Length: 7 hrs and 6 mins,$17.49
The Celebrants,By: Steven Rowley,Length: 9 hrs and 43 mins,$31.50
Lost Feather,By: Merri Bright,Length: 11 hrs and 47 mins,$20.99
The Covenant of Water,By: Abraham Verghese,Length: 31 hrs and 16 mins,$41.99
Yellowface,By: R. F. Kuang,Length: 8 hrs and 39 mins,$31.93
We Are Worthy,By: Alisha Williams,Length: 11 hrs and 6 mins,$24.95
The True Love Experiment,By: Christina Lauren,Length: 10 hrs and 52 mins,$23.62
The Senator's Wife,By: Liv Constantine,Length: 9 hrs and 7 mins,$28.00
The Worst Wedding Date,By: Pippa Grant,Length: 12 hrs and 40 mins,$24.95
King: A Life,By: Jonathan Eig,Length: 20 hrs and 45 mins,$42.52
Women with ADHD,"By: Sarah Davis, Linda Hill",Length: 3 hrs and 37 mins,$13.00
The Will of the Many,By: James Islington,Length: 28 hrs and 14 mins,$49.95
The Nameless,By: Adrian J. Smith,Length: 48 hrs and 23 mins,$57.37
Do You Believe?,By: Paul David Tripp,Length: 20 hrs and 1 min,$29.95
Spirit-Led Living in an Upside-Down World,By: Stephen Strang,Length: 7 hrs and 17 mins,$13.99
Highlanders Hold Grudges,By: Julie Johnstone,Length: 7 hrs and 17 mins,$19.95
The Bird Hotel,By: Joyce Maynard,Length: 12 hrs and 47 mins,$24.95
Not What I Expected,By: Avremi Zippel,Length: 6 hrs and 22 mins,$19.95
Gates of Yog-Sothoth,By: John Corwin,Length: 11 hrs and 47 mins,$24.95
Let This Radicalize You,"By: Kelly Hayes, Mariame Kaba",Length: 10 hrs and 42 mins,$17.49
The Path of Least Resistance,By: Robert Fritz,Length: 7 hrs and 52 mins,$19.95
Where the Shadows Dance,By: Dana Killion,Length: 8 hrs and 23 mins,$19.95
Dead Fall,By: Brad Thor,Length: 10 hrs and 30 mins,$23.62
The Postcard,"By: Anne Berest, Tina Kover - translator",Length: 13 hrs and 12 mins,$20.97
Killers of the Flower Moon,By: David Grann,Length: 9 hrs and 4 mins,$16.72
Run for Your Midlife,By: Robyn Peterman,Length: 6 hrs and 2 mins,$25.87
The Temporary Wife: Luca and Valentina's Story,By: Catharina Maura,Length: 11 hrs and 33 mins,$24.95
Storm Watch,By: C. J. Box,Length: 9 hrs and 4 mins,$24.49
The Forgotten Children,By: Ann Bennett,Length: 10 hrs and 28 mins,$24.95
The Risk,By: S.T. Abby,Length: 3 hrs and 28 mins,$13.99
Murder at Abbeymead Farm,By: Merryn Allingham,Length: 7 hrs and 42 mins,$19.95
The DNA Way,By: Kashif Khan,Length: 5 hrs and 57 mins,$16.09
Reckoning,By: Mark Goodwin,Length: 8 hrs and 15 mins,$19.95
8 Rules of Love,By: Jay Shetty,Length: 10 hrs and 21 mins,$23.62
Resist,By: Ava Harrison,Length: 10 hrs and 13 mins,$24.95
Bonded by Thorns,By: Elizabeth Helen,Length: 10 hrs and 59 mins,$24.95
The Lost Hero,By: Rick Riordan,Length: 16 hrs and 33 mins,$23.44
Esrahaddon,By: Michael J. Sullivan,Length: Not Yet Known,$49.95
Claiming the Dragon King,By: Amelia Hutchins,Length: 12 hrs and 38 mins,$24.95
Serenity in the Storm,By: Kayleigh McEnany,Length: 7 hrs and 28 mins,$17.49
You Can't Joke About That,By: Kat Timpf,Length: 7 hrs and 34 mins,$31.93
Stalking the Wild Pendulum,By: Itzhak Bentov,Length: 5 hrs and 15 mins,$17.00
Cadaver 1,By: Nick Clausen,Length: 6 hrs and 46 mins,$19.95
The Last Ranger,By: J.D.L. Rosell,Length: 16 hrs and 21 mins,$34.79
The Libyan Diversion,By: Joel C. Rosenberg,Length: 11 hrs and 13 mins,$30.09
Feasting on the Words of Christ,By: Melanie Stroud,Length: 6 hrs and 6 mins,$19.95
The Summer We Fell,By: Elizabeth O'Roark,Length: 9 hrs and 11 mins,$19.95
Starter Villain,By: John Scalzi,Length: Not Yet Known,$29.95
Spell Thief,By: J Pal,Length: 14 hrs and 42 mins,$24.95
In Each Other's Care,"By: Stan Tatkin PsyD MFT, Lin Chen",Length: 12 hrs and 19 mins,$17.49
Birnam Wood,By: Eleanor Catton,Length: 12 hrs and 47 mins,$24.95
Harold,By: Steven Wright,Length: 5 hrs and 30 mins,$18.89
Fractal Noise,By: Christopher Paolini,Length: 9 hrs and 57 mins,$25.51
The Well-Lived Life,"By: Gladys McGarey MD, Dr. Mark Hyman - foreword",Length: 8 hrs and 55 mins,$18.89
Outlive,"By: Peter Attia MD, Bill Gifford - contributor",Length: 17 hrs and 7 mins,$35.00
DMV,By: Bentley Little,Length: 13 hrs and 56 mins,$24.95
The Taken One,By: Brittney Sahin,Length: 13 hrs and 43 mins,$24.95
Azarinth Healer: Book Two,By: Rhaegar,Length: 19 hrs and 22 mins,$24.95
Booked for Murder,By: Jasmine Webb,Length: 6 hrs and 40 mins,$17.35
The Slight Edge,By: Jeff Olson,Length: 9 hrs and 47 mins,$16.07
The Yards Between Us,By: R.K. Russell,Length: 8 hrs and 47 mins,$17.49
Blood Prophecy,By: Mary Rundle,Length: 11 hrs and 38 mins,$24.95
Who Cries for the Lost,By: C.S. Harris,Length: 11 hrs,$27.99
Only the Dead,By: Jack Carr,Length: 15 hrs and 17 mins,$28.34
Uzi in the Urn,By: Dale Mayer,Length: 6 hrs,$19.95
Apocrypha,By: Stephen De Young,Length: 8 hrs and 27 mins,$19.95
The Alchemist,By: Paulo Coelho,Length: 4 hrs,$17.24
The Untethered Soul,By: Michael A. Singer,Length: 6 hrs and 11 mins,$24.49
Born a Crime,By: Trevor Noah,Length: 8 hrs and 44 mins,$21.70
Shoe Dog,By: Phil Knight,Length: 13 hrs and 21 mins,$18.49
To Kill a Mockingbird,By: Harper Lee,Length: 12 hrs and 17 mins,$20.44
The House of the Spirits,By: Isabel Allende,Length: 18 hrs and 51 mins,$28.34
The Hitchhiker's Guide to the Galaxy,By: Douglas Adams,Length: 5 hrs and 51 mins,$13.99
Somebody's Wife,By: Robbi Renee,Length: 9 hrs and 51 mins,$19.95
Children of Time,By: Adrian Tchaikovsky,Length: 16 hrs and 31 mins,$21.81
Dirty Laundry,"By: Richard Pink, Roxanne Emery",Length: 4 hrs and 2 mins,$30.54
Chapel Bend,By: Kristen Proby,Length: 7 hrs and 28 mins,$19.95
Red Rising,By: Pierce Brown,Length: 16 hrs and 12 mins,$34.99
All My Knotted-Up Life,By: Beth Moore,Length: 8 hrs and 29 mins,$15.19
Start with Why,By: Simon Sinek,Length: 7 hrs and 18 mins,$14.95
The City of Cutthroats,"By: Torsten Weitze, Tim Casey - translator",Length: 21 hrs and 58 mins,$24.49
Little Ghosts,By: Gregg Dunnett,Length: 11 hrs and 55 mins,$48.99
Razor 03,By: Alan C. Mack,Length: 9 hrs and 22 mins,$24.47
Paris,By: Paris Hilton,Length: 8 hrs and 22 mins,$31.93
"Poverty, by America",By: Matthew Desmond,Length: 5 hrs and 40 mins,$31.50
Eragon,By: Christopher Paolini,Length: 16 hrs and 22 mins,$16.95
A Gentleman in Moscow,By: Amor Towles,Length: 17 hrs and 52 mins,$19.44
"Boundaries, Updated and Expanded Edition","By: John Townsend, Henry Cloud",Length: 11 hrs and 18 mins,$17.39
"Lockwood & Co.: The Screaming Staircase, Book 1",By: Jonathan Stroud,Length: 10 hrs and 10 mins,$22.90
Queen Charlotte,"By: Julia Quinn, Shonda Rhimes",Length: 12 hrs and 23 mins,$30.79
Fourth Wing,By: Rebecca Yarros,Length: 20 hrs and 47 mins,$38.49
The Southern Killer,By: Peter O'Mahoney,Length: 7 hrs and 2 mins,$34.99
Love Me Today,By: A.L. Jackson,Length: 10 hrs and 47 mins,$24.95
Distraction,By: Kelly Fox,Length: 7 hrs and 44 mins,$19.95
The Book of Charlie,By: David Von Drehle,Length: 7 hrs,$18.89
The Echo of Old Books,By: Barbara Davis,Length: 13 hrs and 8 mins,$30.09
Bad Summer People,By: Emma Rosenblum,Length: 9 hrs and 23 mins,$25.51
A Little Life,By: Hanya Yanagihara,Length: 32 hrs and 51 mins,$21.82
The Courage to Be Free,By: Ron DeSantis,Length: 8 hrs and 59 mins,$31.93
The Awe of God,By: John Bevere,Length: 7 hrs and 28 mins,$25.09
Walking with Sam,By: Andrew McCarthy,Length: 6 hrs and 43 mins,$28.51
Murtagh,By: Christopher Paolini,Length: 18 hrs,$42.00
Resurrection Walk,By: Michael Connelly,Length: 12 hrs,$31.93
Final Offer,By: Lauren Asher,Length: 15 hrs and 58 mins,$27.27
The Secret Life of Sunflowers,"By: Marta Molnar, Dana Marton",Length: 9 hrs and 52 mins,$19.95
Start Your Notary Public & Loan Signing Agent Business,By: LSAUSA Education,Length: 3 hrs and 32 mins,$14.95
What Lurks Between the Fates,By: Harper L. Woods,Length: 14 hrs and 8 mins,$32.87
The Fine Print,By: Lauren Asher,Length: 11 hrs and 8 mins,$18.26
A Soul of Ash and Blood,By: Jennifer L. Armentrout,Length: 24 hrs,$32.89
Shadow Dance,By: Christine Feehan,Length: 11 hrs and 15 mins,$27.99
Homecoming,By: Kate Morton,Length: 17 hrs and 38 mins,$19.09
Beautiful Carnage,By: Heather Ashley,Length: 8 hrs and 43 mins,$19.95
The Pleiadian Agenda,"By: Barbara Hand Clow, Brian Swimme PhD - introduction",Length: 13 hrs and 9 mins,$22.67
The Couple at Table Six,By: Daniel Hurst,Length: 5 hrs and 29 mins,$13.99
Night Angel Nemesis,By: Brent Weeks,Length: 32 hrs and 11 mins,$57.04
Never Lie,By: Freida McFadden,Length: 7 hrs and 21 mins,$42.62
Edge of Steele,By: Susan Sleeman,Length: 9 hrs and 24 mins,$19.95
#Fate,By: Cambria Hebert,Length: 11 hrs and 6 mins,$24.95
The Matchmaker,By: Catherine Walsh,Length: 10 hrs and 10 mins,$24.95
When Irish Eyes Are Lying,By: Jean Grainger,Length: 7 hrs and 18 mins,$48.99
Look What You've Done,"By: Tasha Layton, Bob Goff - foreword",Length: 4 hrs,$17.47
I Have Some Questions for You,By: Rebecca Makkai,Length: 14 hrs and 4 mins,$31.50
The 6 Types of Working Genius,By: Patrick M. Lencioni,Length: 4 hrs and 11 mins,$17.49
The Last Honest Man,"By: James Risen, Thomas Risen - contributor",Length: 15 hrs and 5 mins,$36.50
Painted Scars,By: Neva Altaj,Length: 6 hrs and 25 mins,$39.99
Not All Himbos Wear Capes,By: C. Rochelle,Length: 11 hrs and 12 mins,$44.99
Pretty Dark Vows,By: Callie Rose,Length: 10 hrs and 34 mins,$24.95
Defying Logic,By: Nicky James,Length: 12 hrs and 53 mins,$24.95
Difficult Conversations,By: Harvard Business Review,Length: 1 hr and 33 mins,$6.99
The Dragon Sovereign,By: Sarah Hawke,Length: 11 hrs and 4 mins,$24.95
"Jab, Jab, Jab, Right Hook",By: Gary Vaynerchuk,Length: 5 hrs and 41 mins,$13.77
Ruthless Equity,By: Ken Williams,Length: 6 hrs and 6 mins,$19.95
Ambrosia,By: C.N. Crawford,Length: 8 hrs and 50 mins,$19.95
Ordinary Discipleship,By: Jessie Cruickshank,Length: 5 hrs and 9 mins,$17.49
The Wisdom of the Bullfrog,By: Admiral William H. McRaven,Length: 3 hrs and 44 mins,$21.67
The Return of the Gods,By: Jonathan Cahn,Length: 8 hrs and 34 mins,$17.65
Sapiens,By: Yuval Noah Harari,Length: 15 hrs and 18 mins,$16.00
Profit First,By: Mike Michalowicz,Length: 8 hrs and 35 mins,$18.26
The Secret,By: Rhonda Byrne,Length: 4 hrs and 24 mins,$15.47
The Mind Illuminated,"By: Culadasa John Yates PhD, Matthew Immergut PhD, Jeremy Graves",Length: 16 hrs and 5 mins,$27.39
Good to Great,By: Jim Collins,Length: 10 hrs and 1 min,$19.99
The Five Dysfunctions of a Team,By: Patrick Lencioni,Length: 3 hrs and 42 mins,$13.97
Champagne Venom,By: Nicole Fox,Length: 13 hrs and 59 mins,$24.95
System Overclocked,By: Randi Darren,Length: 11 hrs and 48 mins,$49.99
Simply Lies,By: David Baldacci,Length: 11 hrs and 45 mins,$31.93
Keeping Denver,"By: Crystal Daniels, Sandy Alvarez",Length: 6 hrs and 13 mins,$19.95
Double-Blind,By: J. McCoy,Length: 23 hrs and 8 mins,$41.99
The Dying Place,By: Charly Cox,Length: 9 hrs and 44 mins,$20.99
Entrepreneurial Leap (Updated and Expanded Edition),By: Gino Wickman,Length: 5 hrs and 39 mins,$13.99
Spare,By: Prince Harry The Duke of Sussex,Length: 15 hrs and 39 mins,$24.95
The Name of the Wind,By: Patrick Rothfuss,Length: 27 hrs and 55 mins,$26.09
(ISC)2 CCSP Certified Cloud Security Professional Official Study Guide (3rd Edition),"By: Mike Chapple, David Seidl",Length: 19 hrs and 40 mins,$31.49
Wrecked,By: Lauren Asher,Length: 11 hrs and 20 mins,$20.99
The Body in the Shadows,By: Nick Louth,Length: 8 hrs and 14 mins,$16.99
Highest Bidder,By: Sara Cate,Length: 10 hrs and 2 mins,$24.95
Pineapple Street,By: Jenny Jackson,Length: 8 hrs and 32 mins,$31.50
Small Mercies,By: Dennis Lehane,Length: 10 hrs and 23 mins,$31.93
"Honey, Baby, Mine","By: Laura Dern, Diane Ladd, Reese Witherspoon - foreword",Length: 7 hrs and 40 mins,$28.51
Lords of Uncreation,By: Adrian Tchaikovsky,Length: 20 hrs and 50 mins,$51.33
You and Your Adult Child,By: Laurence Steinberg,Length: 7 hrs and 53 mins,$17.00
Excellent Advice for Living,By: Kevin Kelly,Length: 1 hr and 34 mins,$21.00
The Making of Another Major Motion Picture Masterpiece,By: Tom Hanks,Length: 15 hrs and 57 mins,$38.50
Whale,"By: Cheon Myeong-kwan, Chi-Young Kim - translator",Length: 11 hrs and 34 mins,$20.99
Six of Crows,By: Leigh Bardugo,Length: 15 hrs and 4 mins,$26.05
The Rise and Fall of the Third Reich,By: William L. Shirer,Length: 57 hrs and 11 mins,$34.75
Traction,By: Gino Wickman,Length: 6 hrs and 56 mins,$17.35
"Guns, Germs and Steel",By: Jared Diamond,Length: 16 hrs and 20 mins,$23.90
One of Us Is Lying (TV Series Tie-In Edition),By: Karen M. McManus,Length: 10 hrs and 43 mins,$19.95
It Didn't Start with You,By: Mark Wolynn,Length: 8 hrs and 16 mins,$16.72
The Blade Itself,By: Joe Abercrombie,Length: 22 hrs and 15 mins,$19.99
The Four Agreements,By: don Miguel Ruiz,Length: 2 hrs and 31 mins,$10.93
Extreme Ownership,"By: Jocko Willink, Leif Babin",Length: 9 hrs and 33 mins,$15.22
The Nightingale,By: Kristin Hannah,Length: 17 hrs and 19 mins,$25.90
The Duke and I,By: Julia Quinn,Length: 12 hrs and 9 mins,$27.99
One True Loves,By: Taylor Jenkins Reid,Length: 8 hrs and 5 mins,$30.44
Lady of the Drowned Empire,By: Frankie Diane Mallis,Length: 20 hrs,$29.95
Don't Tell Anybody the Secrets I Told You,By: Lucinda Williams,Length: 6 hrs and 14 mins,$28.00
Haunting Adeline,By: H. D. Carlton,Length: 15 hrs and 47 mins,$21.70
The Creature from Jekyll Island,By: G. Edward Griffin,Length: 24 hrs and 21 mins,$26.05
The Shifting Current,By: Dani Pettrey,Length: 5 hrs and 55 mins,$20.99
Wiedergeburt: Legend of the Reincarnated Warrior: Volume 5,By: Brandon Varnell,Length: 7 hrs and 14 mins,$19.95
State of Denial,By: Marie Force,Length: 9 hrs and 30 mins,$48.99
Stealing the Alpha's Heart,By: Skye Wilson,Length: 10 hrs and 6 mins,$24.95
"The 4-Hour Workweek: Escape 9-5, Live Anywhere, and Join the New Rich (Expanded and Updated)",By: Timothy Ferriss,Length: 13 hrs and 1 min,$20.07
Four Battlegrounds,By: Paul Scharre,Length: 13 hrs and 10 mins,$20.99
Carnival Quest,By: Brandon Mull,Length: 11 hrs and 3 mins,$32.19
Mark of the Fool,By: J.M. Clarke,Length: 19 hrs,$21.70
The Song of Achilles,By: Madeline Miller,Length: 11 hrs and 15 mins,$24.90
You Are the One You've Been Waiting For,By: Richard Schwartz PhD,Length: 6 hrs and 10 mins,$14.69
Ensnared,By: Tiffany Roberts,Length: 11 hrs and 24 mins,$24.95
Escaping Shadows,By: Kathleen Brooks,Length: 7 hrs and 30 mins,$19.95
A Short History of Nearly Everything,By: Bill Bryson,Length: 18 hrs and 13 mins,$22.92
Lucky Hit,By: Hannah Cowan,Length: 8 hrs and 53 mins,$17.49
Awaken Your Multidimensional Soul,"By: Lee Harris, Dianna Edwards",Length: 6 hrs and 5 mins,$19.95
Dr. Perfect,By: Louise Bay,Length: 7 hrs and 45 mins,$19.95
Knowing What We Know,By: Simon Winchester,Length: 14 hrs and 19 mins,$31.93
Cien cuyes [One Hundred Guinea Pigs],By: Gustavo Rodríguez,Length: 8 hrs and 8 mins,$20.78
The Romantic,By: Riley Hart,Length: 6 hrs and 58 mins,$19.95
Blueberry Blunder,By: Amanda Flower,Length: 9 hrs and 18 mins,$17.49
The Lost Task Force,By: Vaughn Heppner,Length: 13 hrs and 23 mins,$24.95
The Birdcage Murders,By: Karen Baugh Menuhin,Length: 8 hrs and 55 mins,$19.95
Wool,By: Hugh Howey,Length: 15 hrs,$36.37
Coach,By: Devney Perry,Length: 7 hrs and 57 mins,$19.95
The Accidental Contract,By: Kos Play,Length: 16 hrs and 18 mins,$24.95
You Could Make This Place Beautiful,By: Maggie Smith,Length: 7 hrs and 48 mins,$17.00
Young Forever,By: Dr. Mark Hyman MD,Length: 9 hrs and 28 mins,$31.93
The Whole-Brain Child,"By: Daniel J. Siegel, Tina Payne Bryson",Length: 6 hrs and 14 mins,$28.00
The Ferryman,By: Justin Cronin,Length: 19 hrs and 55 mins,$42.00
Sh*tty Mom,"By: Karen Moline, Mary Ann Zoellner, Alicia Ybarbo, Laurie Kilmartin",Length: 3 hrs and 15 mins,$13.00
Predictably Irrational,By: Dan Ariely,Length: 7 hrs and 22 mins,$14.95
The Art of Racing in the Rain,By: Garth Stein,Length: 6 hrs and 56 mins,$20.90
Call Me by Your Name,By: André Aciman,Length: 7 hrs and 48 mins,$14.95
The Forever War,By: Joe Haldeman,Length: 9 hrs and 18 mins,$26.59
Uglies,By: Scott Westerfeld,Length: 10 hrs and 12 mins,$22.67
American Queen,By: Sierra Simone,Length: 12 hrs and 30 mins,$31.49
1-2-3 Magic,By: Thomas W. Phelan PhD,Length: 7 hrs and 1 min,$26.59
Red Mars,By: Kim Stanley Robinson,Length: 23 hrs and 51 mins,$41.99
If We Were Villains,By: M. L. Rio,Length: 12 hrs and 50 mins,$25.51
The Tale of Despereaux,By: Kate DiCamillo,Length: 3 hrs and 30 mins,$13.99
The Dance of Anger,By: Harriet Lerner,Length: 6 hrs and 50 mins,$16.99
Strange the Dreamer,By: Laini Taylor,Length: 18 hrs and 20 mins,$28.50
Life,"By: Keith Richards, James Fox",Length: 23 hrs and 5 mins,$34.21
No Easy Day,"By: Mark Owen, Kevin Maurer",Length: 6 hrs and 50 mins,$16.49
Practical Magic,By: Alice Hoffman,Length: 9 hrs and 12 mins,$15.22
Story,By: Robert McKee,Length: 6 hrs and 12 mins,$19.49
Inkheart,By: Cornelia Funke,Length: 15 hrs and 34 mins,$16.72
An Unquiet Mind,By: Kay Redfield Jamison,Length: 2 hrs and 46 mins,$6.99
The School for Good and Evil,By: Soman Chainani,Length: 13 hrs and 45 mins,$36.50
The Lovely Bones,By: Alice Sebold,Length: 10 hrs and 53 mins,$26.22
How to Raise an Adult,By: Julie Lythcott-Haims,Length: 12 hrs and 31 mins,$17.92
Restart,By: Gordon Korman,Length: 6 hrs and 51 mins,$18.26
Rendezvous with Rama,By: Arthur C. Clarke,Length: 9 hrs and 4 mins,$21.09
13 Hours,"By: Mitchell Zuckoff, Annex Security Team",Length: 7 hrs and 43 mins,$23.90
Out of My Mind,By: Sharon M. Draper,Length: 6 hrs and 49 mins,$13.99
Heartburn,By: Nora Ephron,Length: 5 hrs and 30 mins,$16.49
Emotional Agility,By: Susan David,Length: 9 hrs and 21 mins,$16.72
The Butterfly Garden,By: Dot Hutchison,Length: 9 hrs and 13 mins,$21.91
White Rage,By: Carol Anderson,Length: 6 hrs and 5 mins,$14.22
My Brilliant Friend,By: Elena Ferrante,Length: 12 hrs and 38 mins,$21.28
Just Kids,By: Patti Smith,Length: 9 hrs and 50 mins,$21.55
Black Hawk Down,By: Mark Bowden,Length: 15 hrs and 14 mins,$34.95
The Weight of Ink,By: Rachel Kadish,Length: 23 hrs and 19 mins,$30.44
The Hating Game,By: Sally Thorne,Length: 12 hrs and 18 mins,$25.90
Heartless,By: Elsie Silver,Length: 9 hrs and 51 mins,$17.35
The Girl with All the Gifts,By: M. R. Carey,Length: 13 hrs and 4 mins,$20.54
We Have Always Lived in the Castle,By: Shirley Jackson,Length: 5 hrs and 32 mins,$12.15
Sula,By: Toni Morrison,Length: 5 hrs and 46 mins,$13.99
Go for No!,"By: Richard Fenton, Andrea Waltz",Length: 1 hr and 33 mins,$6.04
One Up On Wall Street,By: Peter Lynch,Length: 2 hrs and 11 mins,$8.49
The Seven Husbands of Evelyn Hugo,By: Taylor Jenkins Reid,Length: 12 hrs and 10 mins,$16.72
Never Split the Difference,By: Chris Voss,Length: 8 hrs and 7 mins,$23.90
Think and Grow Rich,By: Napoleon Hill,Length: 9 hrs and 35 mins,$24.95
Why We Sleep,By: Matthew Walker,Length: 13 hrs and 52 mins,$16.72
Empire of the Summer Moon,By: S. C. Gwynne,Length: 15 hrs and 9 mins,$16.72
The Guest,By: Emma Cline,Length: 8 hrs and 36 mins,$35.00
The City of Ember,By: Jeanne DuPrau,Length: 6 hrs and 50 mins,$13.99
Let My People Go Surfing,"By: Yvon Chouinard, Naomi Klein",Length: 7 hrs and 59 mins,$24.50
Thanks for the Feedback,"By: Sheila Heen, Douglas Stone",Length: 9 hrs and 48 mins,$14.95
How We Love,"By: Milan Yerkovich, Kay Yerkovich",Length: 10 hrs and 56 mins,$21.30
Setting the Table,By: Danny Meyer,Length: 5 hrs and 33 mins,$25.09
Who,"By: Geoff Smart, Randy Street",Length: 4 hrs and 47 mins,$15.21
The Heart of Everything That Is,"By: Bob Drury, Tom Clavin",Length: 12 hrs and 5 mins,$29.95
The Exchange,By: John Grisham,Length: 11 hrs and 30 mins,$35.00
How to Win Friends & Influence People,By: Dale Carnegie,Length: 7 hrs and 15 mins,$16.72
How to Talk to Anyone,By: Leil Lowndes,Length: 8 hrs and 59 mins,$14.74
The Way of Kings,By: Brandon Sanderson,Length: 45 hrs and 30 mins,$26.99
The Total Money Makeover,By: Dave Ramsey,Length: 3 hrs and 41 mins,$15.97
I Am Ayah,By: Donna Hill,Length: 12 hrs and 30 mins,$17.49
Sallow Bend,By: Alan Baxter,Length: 9 hrs and 56 mins,$19.95
The Wedding Planner,By: Danielle Steel,Length: 8 hrs and 22 mins,$24.49
The Thin Dead Line,By: Shane Gries,Length: 10 hrs and 15 mins,$24.95
The God Delusion,By: Richard Dawkins,Length: 13 hrs and 52 mins,$27.99
I Almost Forgot About You,By: Terry McMillan,Length: 11 hrs and 12 mins,$14.95
Feeling Good,By: David D. Burns MD,Length: 13 hrs and 20 mins,$29.90
Switch,"By: Dan Heath, Chip Heath",Length: 7 hrs and 43 mins,$12.99
Fear and Loathing in Las Vegas,By: Hunter S. Thompson,Length: 6 hrs,$12.17
Brain Energy,By: Christopher M. Palmer MD,Length: 12 hrs and 18 mins,$32.87
Romantic Comedy (Reese's Book Club),By: Curtis Sittenfeld,Length: 9 hrs and 5 mins,$35.00
The Devil in the White City,By: Erik Larson,Length: 14 hrs and 58 mins,$23.90
As a Man Thinketh,By: James Allen,Length: 55 mins,$3.43
World War Z: The Complete Edition,By: Max Brooks,Length: 12 hrs and 9 mins,$14.95
Mile High,By: Liz Tomforde,Length: 16 hrs and 48 mins,$24.49
How to Lead When You're Not in Charge,By: Clay Scroggins,Length: 6 hrs and 19 mins,$25.09
You,By: Caroline Kepnes,Length: 11 hrs and 6 mins,$14.95
A Brief History of Time,By: Stephen Hawking,Length: 5 hrs and 46 mins,$17.35
Dark Healing Blind Justice,By: I. T. Lucas,Length: 8 hrs and 39 mins,$19.95
How to Save the West,By: Spencer Klavan,Length: 6 hrs and 33 mins,$23.09
What's Our Problem?,By: Tim Urban,Length: 13 hrs and 58 mins,$24.95
Foolproof,By: Sander van der Linden,Length: 10 hrs and 11 mins,$17.49
Eight Ball,By: M.R. Forbes,Length: 7 hrs and 41 mins,$19.95
Codependent No More,By: Melody Beattie,Length: 8 hrs and 42 mins,$15.21
The Undertow,By: Jeff Sharlet,Length: 11 hrs and 45 mins,$24.95
The Inmate,By: Freida McFadden,Length: 8 hrs and 5 mins,$39.57
If This Is Love,By: Jewel E. Ann,Length: 9 hrs and 13 mins,$19.95
The Highlander's Tale: Alex,By: Julia Brannan,Length: 18 hrs and 30 mins,$24.95
How Will You Measure Your Life?,"By: Clayton M. Christensen, James Allworth",Length: 5 hrs and 28 mins,$20.90
Stillhouse Lake,By: Rachel Caine,Length: 10 hrs and 4 mins,$26.17
Oryx and Crake,By: Margaret Atwood,Length: 10 hrs and 30 mins,$27.93
The Magicians,By: Lev Grossman,Length: 17 hrs and 24 mins,$25.90
"First, Break All the Rules","By: Marcus Buckingham, Gallup Press, Jim Harter - foreword",Length: 9 hrs and 51 mins,$21.91
The Shadow of the Torturer,By: Gene Wolfe,Length: 12 hrs and 7 mins,$20.92
Bargained,By: Dr. Rebecca Sharp,Length: 9 hrs and 3 mins,$19.95
Murder of a Mermaid,By: Irina Shapiro,Length: 7 hrs and 46 mins,$19.95
The 5 Second Rule,By: Mel Robbins,Length: 7 hrs and 35 mins,$17.35
Soul Boom,By: Rainn Wilson,Length: 9 hrs and 3 mins,$31.93
Scoring the Player,By: Rebecca Jenshak,Length: 8 hrs and 13 mins,$19.95
Ready Player One,By: Ernest Cline,Length: 15 hrs and 40 mins,$20.42
The Intelligent Investor Rev Ed.,By: Benjamin Graham,Length: 17 hrs and 48 mins,$19.50
Ender's Game,By: Orson Scott Card,Length: 11 hrs and 57 mins,$20.90
Twilight,By: Stephenie Meyer,Length: 12 hrs and 51 mins,$22.90
Make Your Bed,By: William H. McRaven,Length: 1 hr and 53 mins,$12.99
The Book Thief,By: Markus Zusak,Length: 13 hrs and 56 mins,$23.90
The ONE Thing,"By: Gary Keller, Jay Papasan",Length: 5 hrs and 28 mins,$30.45
"Men Are from Mars, Women Are from Venus",By: John Gray,Length: 9 hrs and 28 mins,$31.93
Gardens of the Moon,By: Steven Erikson,Length: 26 hrs and 3 mins,$28.61
Algorithms to Live By,"By: Brian Christian, Tom Griffiths",Length: 11 hrs and 50 mins,$22.61
The Outsiders,By: S. E. Hinton,Length: 5 hrs and 9 mins,$11.49
Titan,By: Ron Chernow,Length: 35 hrs and 3 mins,$34.75
Sell or Be Sold: How to Get Your Way in Business and in Life,By: Grant Cardone,Length: 11 hrs and 40 mins,$21.70
The Goldfinch,By: Donna Tartt,Length: 32 hrs and 24 mins,$26.44
The Maze Runner,By: James Dashner,Length: 10 hrs and 50 mins,$20.90
The Life-Changing Magic of Tidying Up,By: Marie Kondo,Length: 4 hrs and 50 mins,$21.91
Hello Beautiful,By: Ann Napolitano,Length: 15 hrs and 6 mins,$31.50
Witch King,By: Martha Wells,Length: 13 hrs and 9 mins,$31.18
It's OK to Be Angry About Capitalism,"By: Senator Bernie Sanders, John Nichols",Length: 10 hrs and 59 mins,$31.50
The Collected Regrets of Clover,By: Mikki Brammer,Length: 9 hrs and 49 mins,$25.51
Forced Bonds,By: J Bree,Length: 10 hrs and 13 mins,$21.70
Prepared,"By: Mike Glover, Jack Carr - foreword",Length: 5 hrs and 14 mins,$28.00
The Syndicate Spy,By: Brittany Butler,Length: 10 hrs and 55 mins,$16.77
Dark World,By: Nathan Hystad,Length: 8 hrs and 14 mins,$19.95
The Captain,By: Will Wight,Length: 11 hrs and 24 mins,$34.95
The Poisoner's Ring,By: Kelley Armstrong,Length: 14 hrs and 52 mins,$31.18
Spark,"By: Chris Mettler, Jon Yarian",Length: 5 hrs and 48 mins,$34.90
Forbidden Hearts,By: Corinne Michaels,Length: 9 hrs and 23 mins,$19.95
Dark Angel,By: John Sandford,Length: 11 hrs and 7 mins,$31.50
The Subtle Art of Not Giving a F*ck,By: Mark Manson,Length: 5 hrs and 17 mins,$17.92
Unfu*k Yourself,By: Gary John Bishop,Length: 3 hrs and 24 mins,$14.49
All the Light We Cannot See,By: Anthony Doerr,Length: 16 hrs and 2 mins,$16.72
Outwitting the Devil,"By: Napoleon Hill, Sharon L. Lechter - editor",Length: 5 hrs and 51 mins,$21.91
Isle of the Dead,By: TG Reid,Length: 8 hrs and 5 mins,$19.95
You Are Here,By: Karin Lin-Greenberg,Length: 8 hrs and 39 mins,$17.49
Manhandled,"By: L. Blakely, Lauren Blakely",Length: 5 hrs and 53 mins,$19.95
On Brand,By: Aliza Licht,Length: 8 hrs and 12 mins,$18.19
